S.No.,Date,User_ID,Cust_name,Product_ID,Gender,Age Group,Age,Marital_Status,State,Zone,Occupation,Product_Category,Orders,Amount,Status
1,01-Jan-25,1002903,Taniya,P00125942,F,26-35,28,0,Maharashtra,Western,Healthcare,Auto,1,23952,
2,02-Jan-25,1000732,Aditya,P00110942,M,26-35,35,1,Andhra Pradesh,Southern,Govt,Auto,3,23934,
3,03-Jan-25,1001990,Sudeep,P00118542,M,26-35,35,1,Uttar Pradesh,Central,Automobile,Auto,3,23924,
4,04-Jan-25,1001425,Sudevi,P00237842,F,0-17,16,0,Karnataka,Southern,Construction,Auto,2,23912,
5,05-Jan-25,1000588,Ashutosh,P00057942,M,26-35,28,1,Gujarat,Western,Food Processing,Auto,2,23877,
6,06-Jan-25,1000588,Ashutosh,P00057942,M,26-35,28,1,Himachal Pradesh,Northern,Food Processing,Auto,1,23877,
7,07-Jan-25,1001132,Balk,P00018042,M,18-25,25,1,Uttar Pradesh,Central,Lawyer,Auto,4,23841,
9,09-Jan-25,1003224,Kushal,P00205642,M,26-35,35,0,Uttar Pradesh,Central,Govt,Auto,2,23809,
10,10-Jan-25,1003650,Ginny,P00031142,F,26-35,26,1,Andhra Pradesh,Southern,Media,Auto,4,23799.99,
11,11-Jan-25,1003829,Harshita,P00200842,F,26-35,34,0,Delhi,Central,Banking,Auto,1,23770,
12,12-Jan-25,1000214,Kargatis,P00119142,F,18-25,20,0,Andhra Pradesh,Southern,Retail,Auto,2,23752,
13,13-Jan-25,1004035,Dimple,P00080342,F,18-25,20,1,Andhra Pradesh,Southern,IT Sector,Auto,2,23730,
14,14-Jan-25,1001680,Vasudev,P00324942,M,26-35,26,1,Andhra Pradesh,Southern,Automobile,Auto,4,23718,
16,16-Jan-25,1000813,Isha,P00289942,F,18-25,24,0,Andhra Pradesh,Southern,Govt,Auto,2,23664,
18,18-Jan-25,1001193,Dhiraj,P00004842,M,26-35,29,0,Andhra Pradesh,Southern,Aviation,Auto,1,23619,
19,19-Jan-25,1001883,Praneet,P00029842,M,51-55,54,1,Uttar Pradesh,Central,Hospitality,Auto,1,23568,
20,20-Jan-25,1001883,Praneet,P00029842,M,51-55,54,1,Uttar Pradesh,Central,Hospitality,Auto,1,23568,
21,21-Jan-25,1000113,Ellis,P00180642,F,18-25,19,1,Andhra Pradesh,Southern,Govt,Auto,4,23546,
22,22-Jan-25,1000416,Hrisheekesh,P00181842,M,46-50,46,1,Uttar Pradesh,Central,Banking,Auto,2,23525,
23,23-Jan-25,1005256,Akash,P00101742,M,26-35,30,0,Andhra Pradesh,Southern,IT Sector,Auto,1,23518,
24,24-Jan-25,1001505,Kunal,P00271842,M,51-55,53,0,Uttar Pradesh,Central,Automobile,Auto,2,23515,
25,25-Jan-25,1000900,Skaria,P00317842,F,55+,83,0,Karnataka,Southern,Automobile,Auto,3,23513,
26,26-Jan-25,1005908,Eric,P00282642,M,26-35,33,0,Andhra Pradesh,Southern,IT Sector,Auto,3,23462,
27,27-Jan-25,1001101,Gibson,P00234742,M,36-45,40,0,Uttar Pradesh,Central,Banking,Auto,3,23456,
28,28-Jan-25,1004736,Mahima,P00058042,F,18-25,25,1,Andhra Pradesh,Southern,Banking,Auto,4,23451,
29,29-Jan-25,1004037,Etezadi,P00190542,F,51-55,54,1,Andhra Pradesh,Southern,Govt,Hand & Power Tools,2,23434,
30,30-Jan-25,1002340,James,P00119642,M,36-45,39,1,Andhra Pradesh,Southern,Aviation,Auto,3,23389,
31,31-Jan-25,1005664,Dean,P00111642,M,18-25,20,0,Andhra Pradesh,Southern,Aviation,Auto,2,23365,
32,01-Feb-25,1002523,Aman,P00293342,M,26-35,32,1,Andhra Pradesh,Southern,Food Processing,Auto,3,23326,
33,02-Feb-25,1002503,Mousam,P00220042,M,36-45,36,0,Andhra Pradesh,Southern,Automobile,Auto,2,23314,
34,03-Feb-25,1002638,Damala,P00346242,F,26-35,35,1,Maharashtra,Western,Media,Auto,2,23306,
35,04-Feb-25,1004505,Daniels,P00080042,F,51-55,55,1,Andhra Pradesh,Southern,Healthcare,Auto,4,23302,
36,05-Feb-25,1004957,Inderpreet,P00111842,M,26-35,27,1,Jharkhand,Eastern,Govt,Auto,1,23285,
37,06-Feb-25,1005649,Sweta,P00238542,M,18-25,20,1,Delhi,Central,Media,Auto,1,23281,
38,07-Feb-25,1004508,Phonely,P00048742,F,26-35,32,0,Andhra Pradesh,Southern,Aviation,Auto,1,23270,
39,08-Feb-25,1002520,Mike,P00310342,M,55+,72,1,Himachal Pradesh,Northern,Media,Auto,4,23267,
40,09-Feb-25,1003111,Dean,P00249542,F,18-25,25,1,Andhra Pradesh,Southern,Banking,Auto,4,23252,
41,10-Feb-25,1000687,Neola,P00156442,M,26-35,35,0,Kerala,Southern,Aviation,Auto,1,23247,
42,11-Feb-25,1003267,Trupti,P00144242,M,26-35,30,1,Uttar Pradesh,Central,Banking,Hand & Power Tools,2,23246,
43,12-Feb-25,1001182,Zypern,P00122442,M,0-17,16,0,Andhra Pradesh,Southern,Food Processing,Auto,4,23239,
44,13-Feb-25,1005383,Ellison,P0096942,F,36-45,40,0,Andhra Pradesh,Southern,Aviation,Auto,2,23201,
45,14-Feb-25,1004303,Jane,P00201442,F,26-35,35,1,Andhra Pradesh,Southern,Aviation,Auto,2,23185,
46,15-Feb-25,1005493,Stewart,P00036242,M,36-45,45,1,Andhra Pradesh,Southern,Agriculture,Hand & Power Tools,3,23160,
47,16-Feb-25,1000728,Breyer,P00113942,F,26-35,28,0,Andhra Pradesh,Southern,Banking,Auto,1,23154,
48,17-Feb-25,1002966,Jesslyn,P00121642,M,26-35,32,1,Delhi,Central,Construction,Auto,3,23103,
49,18-Feb-25,1001726,Abhijit,P00105042,M,26-35,32,0,Andhra Pradesh,Southern,Retail,Auto,4,23066,
50,19-Feb-25,1001404,Vineet,P00141842,M,51-55,53,0,Andhra Pradesh,Southern,IT Sector,Auto,2,23053,
51,20-Feb-25,1005267,Elizabeth,P00115342,F,36-45,43,1,Andhra Pradesh,Southern,IT Sector,Auto,3,23047,
52,21-Feb-25,1003745,Shivani,P00220042,M,26-35,29,0,Haryana,Northern,IT Sector,Stationery,2,21563,
53,22-Feb-25,1001884,Eugene,P00339042,F,46-50,47,0,Delhi,Central,Textile,Stationery,1,21547,
54,23-Feb-25,1001804,Ishit,P00000642,F,26-35,35,0,Delhi,Central,Lawyer,Stationery,1,21533,
55,24-Feb-25,1005359,Schwarz,P00302742,F,18-25,22,1,Delhi,Central,Media,Stationery,1,21503,
56,25-Feb-25,1000151,Sujay,P00150342,M,26-35,34,1,Karnataka,Southern,IT Sector,Stationery,2,21495,
57,26-Feb-25,1001389,Smriti,P00261542,F,26-35,33,1,Delhi,Central,Agriculture,Stationery,3,21463,
58,27-Feb-25,1002665,Champaklata,P00261842,F,36-45,36,0,Delhi,Central,IT Sector,Stationery,4,21427,
59,28-Feb-25,1002496,Patil,P00114042,F,51-55,52,0,Delhi,Central,IT Sector,Stationery,4,21423,
60,01-Mar-25,1001442,Atharv,P00145042,M,18-25,18,1,Delhi,Central,Construction,Stationery,2,21401,
61,02-Mar-25,1000379,Thais,P00121642,M,36-45,39,0,Maharashtra,Western,Healthcare,Stationery,3,21397,
62,03-Mar-25,1003916,Surabhi,P00003242,M,26-35,34,1,Delhi,Central,Agriculture,Stationery,4,21388,
63,04-Mar-25,1001687,Bruce,P00265242,F,26-35,33,0,Maharashtra,Western,Govt,Stationery,4,21325,
64,05-Mar-25,1000423,Saurabh,P00046742,M,18-25,21,0,Delhi,Central,Automobile,Stationery,2,21320,
65,06-Mar-25,1002395,Vaibhavi,P00220342,F,36-45,38,1,Delhi,Central,Aviation,Stationery,2,21317,
66,07-Mar-25,1004728,Larry,P00037042,F,26-35,28,0,Delhi,Central,IT Sector,Stationery,4,21293,
67,08-Mar-25,1005054,Parhena,P0096542,F,36-45,37,0,Delhi,Central,Hospitality,Stationery,1,21266,
68,09-Mar-25,1004489,Pete,P00216742,M,18-25,20,0,Delhi,Central,Construction,Stationery,1,21259,
69,10-Mar-25,1001865,Cyra,P00213742,M,18-25,23,1,Kerala,Southern,Media,Stationery,2,21246,
70,11-Mar-25,1003022,Rozendal,P00130742,F,26-35,34,0,Delhi,Central,Banking,Stationery,4,21218,
71,12-Mar-25,1001657,Jack,P00248442,M,46-50,49,0,Andhra Pradesh,Southern,Govt,Stationery,2,21178,
72,13-Mar-25,1003751,Victor,P00129542,M,36-45,38,1,Karnataka,Southern,Media,Stationery,1,21178,
73,14-Mar-25,1000179,Debra,P00261642,F,26-35,30,0,Delhi,Central,Aviation,Stationery,4,21152,
74,15-Mar-25,1000438,Bhosale,P00182542,F,18-25,25,0,Madhya Pradesh,Central,IT Sector,Tupperware,2,21079,
75,16-Mar-25,1003618,Keshav,P00248942,M,18-25,19,1,Maharashtra,Western,Media,Tupperware,1,21058,
76,17-Mar-25,1003415,Arsheen,P00152742,M,36-45,42,0,Delhi,Central,Hospitality,Stationery,1,21039,
77,18-Mar-25,1002485,Kaydos,P00302342,F,36-45,38,1,Gujarat,Western,Media,Tupperware,3,21013,
78,19-Mar-25,1001495,Fjeld,P00064042,F,18-25,21,1,Delhi,Central,IT Sector,Stationery,4,21009,
79,20-Mar-25,1004607,Turumella,P00173342,M,26-35,35,0,Delhi,Central,Govt,Stationery,4,20981,
80,21-Mar-25,1005316,Vernon,P00278642,F,18-25,24,1,Kerala,Southern,Govt,Tupperware,4,20967,
81,22-Mar-25,1000461,Connell,P00142942,M,51-55,52,1,Himachal Pradesh,Northern,Healthcare,Stationery,2,20965,
82,23-Mar-25,1000154,Shami,P00306042,F,51-55,53,1,Karnataka,Southern,Textile,Footwear & Shoes,4,20965,
83,24-Mar-25,1000749,Flanagan,P00114342,F,36-45,37,1,Uttar Pradesh,Central,Lawyer,Footwear & Shoes,2,20963,
84,25-Mar-25,1006040,Pond,P00271242,F,26-35,28,1,Delhi,Central,IT Sector,Footwear & Shoes,1,20960,
85,26-Mar-25,1001284,O'Brian,P00157142,M,46-50,50,0,Karnataka,Southern,Banking,Footwear & Shoes,3,20960,
86,27-Mar-25,1004269,Namrata,P00345242,F,36-45,40,0,Delhi,Central,Lawyer,Footwear & Shoes,1,20959,
87,28-Mar-25,1001496,Haushalter,P00067942,F,26-35,35,1,Madhya Pradesh,Central,Chemical,Footwear & Shoes,1,20955,
88,29-Mar-25,1003007,Maurice,P00191942,F,36-45,45,0,Delhi,Central,Banking,Stationery,4,20951.5,
89,30-Mar-25,1004715,Snel,P00217442,F,26-35,35,0,Delhi,Central,Food Processing,Footwear & Shoes,3,20950,
90,31-Mar-25,1000306,Patrick,P00303242,F,18-25,18,0,Maharashtra,Western,Aviation,Tupperware,3,20949,
91,01-Apr-25,1000855,Sung,P00240042,M,18-25,22,0,Delhi,Central,Automobile,Footwear & Shoes,3,20948,
92,02-Apr-25,1001183,Mahima,P00084842,F,36-45,43,1,Delhi,Central,Aviation,Footwear & Shoes,4,20945,
93,03-Apr-25,1005954,Charlotte,P00156242,F,46-50,48,1,Karnataka,Southern,Automobile,Footwear & Shoes,2,20944,
94,04-Apr-25,1005627,Anubhaw,P00123142,M,26-35,28,0,Delhi,Central,IT Sector,Stationery,1,20943,
95,05-Apr-25,1002165,Black,P00260442,F,26-35,31,1,Delhi,Central,IT Sector,Footwear & Shoes,1,20938,
96,06-Apr-25,1004416,Airdo,P00213742,F,18-25,23,0,Uttar Pradesh,Central,Construction,Footwear & Shoes,2,20933,
97,07-Apr-25,1000850,Bhawna,P00319942,F,36-45,44,0,Uttar Pradesh,Central,Lawyer,Footwear & Shoes,3,20932,
98,08-Apr-25,1002888,Corey-Lock,P00255842,F,26-35,34,0,Andhra Pradesh,Southern,Automobile,Tupperware,2,20930,
99,09-Apr-25,1001891,Akin,P00192542,F,46-50,46,0,Uttar Pradesh,Central,Chemical,Footwear & Shoes,1,20929,
100,10-Apr-25,1001019,Neil,P00259142,F,36-45,43,1,Delhi,Central,Govt,Footwear & Shoes,2,20928,
101,11-Apr-25,1002306,Lisha,P00084242,M,18-25,21,1,Jharkhand,Eastern,Textile,Footwear & Shoes,3,20925,
102,12-Apr-25,1001179,Amlan,P00208742,M,51-55,54,0,Delhi,Central,IT Sector,Footwear & Shoes,3,20920,
103,13-Apr-25,1004957,Inderpreet,P00163442,F,26-35,34,1,Delhi,Central,Healthcare,Footwear & Shoes,1,20914,
104,14-Apr-25,1004079,Fisher,P00284742,F,36-45,44,1,Uttar Pradesh,Central,Agriculture,Footwear & Shoes,2,20914,
105,15-Apr-25,1002124,Linda,P00369042,F,26-35,29,0,Karnataka,Southern,Retail,Footwear & Shoes,3,20912,
106,16-Apr-25,1004335,Aryan,P00075542,F,36-45,38,0,Karnataka,Southern,Healthcare,Footwear & Shoes,4,20912,
107,17-Apr-25,1000280,Kajal,P00216042,F,51-55,55,0,Delhi,Central,Hospitality,Footwear & Shoes,2,20908,
108,18-Apr-25,1003311,Neola,P00142742,F,26-35,26,1,Karnataka,Southern,Hospitality,Footwear & Shoes,1,20908,
109,19-Apr-25,1004161,Murray,P00345642,F,46-50,46,0,Karnataka,Southern,Retail,Footwear & Shoes,4,20906,
111,21-Apr-25,1004285,Bhishm,P00315842,M,36-45,38,0,Uttar Pradesh,Central,Food Processing,Footwear & Shoes,3,20900,
113,23-Apr-25,1000445,Sukruta,P00114042,F,46-50,47,0,Delhi,Central,Retail,Footwear & Shoes,1,20896,
114,24-Apr-25,1003265,Arti,P00184942,F,26-35,35,0,Uttar Pradesh,Central,Food Processing,Stationery,1,20883,
115,25-Apr-25,1003396,Akshay,P00178242,F,26-35,31,1,Delhi,Central,Textile,Footwear & Shoes,4,20875,
116,26-Apr-25,1002380,Swati,P00124642,F,26-35,26,1,Delhi,Central,IT Sector,Footwear & Shoes,2,20874,
117,27-Apr-25,1002059,Mathew,P00114142,F,36-45,41,0,Karnataka,Southern,IT Sector,Footwear & Shoes,1,20874,
118,28-Apr-25,1001335,Kushal,P00108942,F,36-45,42,0,Delhi,Central,IT Sector,Footwear & Shoes,1,20873,
119,29-Apr-25,1004838,Luxemburg,P00062842,F,46-50,49,0,Delhi,Central,Lawyer,Footwear & Shoes,3,20870,
120,30-Apr-25,1001015,Bharat,P00289942,F,36-45,44,0,Delhi,Central,Chemical,Stationery,2,20867,
121,01-May-25,1000549,Sharda,P00113542,F,26-35,31,0,Karnataka,Southern,IT Sector,Footwear & Shoes,2,20865,
122,02-May-25,1001954,Steele,P00294542,M,26-35,31,1,Jharkhand,Eastern,IT Sector,Footwear & Shoes,3,20863,
123,03-May-25,1001912,Hazel,P00087442,F,26-35,27,0,Bihar,Eastern,Automobile,Tupperware,3,20860,
124,04-May-25,1003918,Shariari,P00334242,F,26-35,32,0,Karnataka,Southern,Retail,Footwear & Shoes,3,20855,
125,05-May-25,1001896,Brittain,P00117142,M,55+,66,0,Uttar Pradesh,Central,Govt,Footwear & Shoes,2,20853,
126,06-May-25,1002445,Shiva,P00184042,F,26-35,28,0,Delhi,Central,Aviation,Stationery,4,20852,
127,07-May-25,1002279,Noah,P00368342,F,51-55,52,0,Karnataka,Southern,Aviation,Footwear & Shoes,4,20850,
128,08-May-25,1002898,Kotsonis,P00309242,F,18-25,19,0,Madhya Pradesh,Central,Healthcare,Footwear & Shoes,4,20847,
129,09-May-25,1004277,Sanjay,P00315442,F,36-45,45,1,Delhi,Central,Construction,Footwear & Shoes,2,20840,
130,10-May-25,1003576,Alejandro,P00101342,M,51-55,53,1,Maharashtra,Western,Aviation,Footwear & Shoes,4,20837,
131,11-May-25,1003724,Devendra,P00232442,F,36-45,36,0,Delhi,Central,Aviation,Footwear & Shoes,2,20833,
132,12-May-25,1003384,Sujay,P00033742,F,36-45,41,1,Delhi,Central,Banking,Footwear & Shoes,4,20819,
133,13-May-25,1003051,Moren,P00288342,F,18-25,22,0,Uttar Pradesh,Central,Govt,Tupperware,1,20816,
134,14-May-25,1003311,Neola,P00228142,F,26-35,30,1,Karnataka,Southern,Hospitality,Footwear & Shoes,3,20815,
135,15-May-25,1004782,Philippe,P00114942,M,46-50,46,1,Karnataka,Southern,Hospitality,Footwear & Shoes,1,20815,
136,16-May-25,1003998,Patterson,P00232242,F,46-50,47,0,Delhi,Central,IT Sector,Footwear & Shoes,4,20812,
137,17-May-25,1000284,George,P00034742,F,26-35,29,0,Karnataka,Southern,Healthcare,Footwear & Shoes,2,20807,
138,18-May-25,1000509,Rohan,P00278042,F,26-35,28,0,Delhi,Central,Banking,Footwear & Shoes,2,20805.45,
139,19-May-25,1000838,Divyeshkumar,P00363542,M,51-55,53,1,Gujarat,Western,Hospitality,Footwear & Shoes,4,20796,
140,20-May-25,1000838,Divyeshkumar,P00363542,M,51-55,53,1,Rajasthan,Northern,Hospitality,Footwear & Shoes,2,20796,
141,21-May-25,1002060,Lynn,P00351042,M,0-17,15,0,Bihar,Eastern,Healthcare,Footwear & Shoes,4,20788,
142,22-May-25,1000850,Bhawna,P00324342,M,36-45,40,1,Karnataka,Southern,IT Sector,Footwear & Shoes,3,20783,
143,23-May-25,1005522,Mitch,P00179742,F,26-35,35,1,Delhi,Central,Automobile,Footwear & Shoes,1,20770,
144,24-May-25,1005153,Ivan,P00190242,F,26-35,33,1,Karnataka,Southern,IT Sector,Footwear & Shoes,4,20767,
145,25-May-25,1002122,Avila,P00161442,F,36-45,40,0,Karnataka,Southern,Aviation,Footwear & Shoes,1,20767,
146,26-May-25,1000984,Ben,P00248142,F,51-55,52,0,Madhya Pradesh,Central,IT Sector,Tupperware,2,20757,
147,27-May-25,1005220,Amlan,P00209842,F,26-35,27,1,Delhi,Central,Aviation,Footwear & Shoes,2,20752,
148,28-May-25,1001202,Diwakar,P00205442,F,36-45,45,0,Delhi,Central,IT Sector,Footwear & Shoes,2,20752,
149,29-May-25,1006014,Sharelle,P00183142,F,46-50,48,0,Karnataka,Southern,Aviation,Footwear & Shoes,4,20751,
150,30-May-25,1005111,Amisha,P00177842,F,36-45,38,0,Uttar Pradesh,Central,Media,Footwear & Shoes,4,20751,
151,31-May-25,1004227,William,P00059242,F,26-35,33,1,Karnataka,Southern,IT Sector,Footwear & Shoes,3,20745,
152,01-Jun-25,1001331,Foulston,P00248942,F,46-50,47,1,Uttar Pradesh,Central,Banking,Footwear & Shoes,4,20745,
153,02-Jun-25,1004937,Ferrer,P00112842,F,36-45,40,1,Uttar Pradesh,Central,Media,Footwear & Shoes,2,20744,
154,03-Jun-25,1005600,Muskan,P00085242,M,46-50,47,0,Haryana,Northern,Automobile,Tupperware,1,20739,
155,04-Jun-25,1000791,Stuart,P00127842,M,36-45,44,1,Karnataka,Southern,IT Sector,Footwear & Shoes,2,20739,
156,05-Jun-25,1003888,Beth,P00242742,F,46-50,46,0,Madhya Pradesh,Central,Aviation,Footwear & Shoes,2,20729,
157,06-Jun-25,1006016,Sauptik,P00183742,F,46-50,50,0,Delhi,Central,Aviation,Footwear & Shoes,4,20714,
158,07-Jun-25,1000604,Pistek,P00304642,F,46-50,49,0,Karnataka,Southern,Healthcare,Footwear & Shoes,4,20712,
159,08-Jun-25,1000173,Muhammed,P00057642,F,26-35,29,1,Uttar Pradesh,Central,Banking,Tupperware,1,20707,
160,09-Jun-25,1004284,Piyam,P00032042,F,51-55,53,0,Karnataka,Southern,Healthcare,Footwear & Shoes,1,20705,
161,10-Jun-25,1002994,Hemant,P00000142,F,36-45,42,0,Madhya Pradesh,Central,IT Sector,Footwear & Shoes,2,20691,
162,11-Jun-25,1004016,Dowd,P00123842,M,51-55,51,1,Uttar Pradesh,Central,Aviation,Furniture,3,20689,
163,12-Jun-25,1005788,Bixby,P00130642,F,26-35,26,1,Karnataka,Southern,Banking,Footwear & Shoes,2,20688,
164,13-Jun-25,1001184,Brandow,P00146342,M,26-35,30,0,Maharashtra,Western,Media,Footwear & Shoes,4,20678,
165,14-Jun-25,1000053,Howell,P00120442,F,26-35,33,1,Karnataka,Southern,Aviation,Footwear & Shoes,4,20677,
166,15-Jun-25,1002511,Ananya,P00148642,M,26-35,34,0,Kerala,Southern,Chemical,Furniture,1,20677,
167,16-Jun-25,1004377,Sibella,P00298942,M,26-35,26,0,Karnataka,Southern,Retail,Footwear & Shoes,3,20676,
168,17-Jun-25,1005481,Wale,P00277642,F,46-50,46,0,Maharashtra,Western,Govt,Furniture,1,20673,
169,18-Jun-25,1003940,Kritika,P00159442,F,36-45,36,1,Karnataka,Southern,Automobile,Footwear & Shoes,1,20669,
170,19-Jun-25,1000687,Neola,P00344542,M,26-35,26,0,Delhi,Central,Chemical,Tupperware,4,20668,
171,20-Jun-25,1000889,Parth,P00021842,F,46-50,50,1,Delhi,Central,Lawyer,Footwear & Shoes,1,20668,
172,21-Jun-25,1000167,Brooke,P00322142,M,26-35,32,0,Maharashtra,Western,Food Processing,Furniture,2,20666,
173,22-Jun-25,1004972,Barcio,P00249542,F,36-45,38,0,Karnataka,Southern,Banking,Footwear & Shoes,3,20665,
174,23-Jun-25,1003094,Pelletier,P00223642,F,36-45,41,1,Karnataka,Southern,Retail,Footwear & Shoes,1,20664,
175,24-Jun-25,1000157,Michelle,P00117842,F,36-45,43,0,Karnataka,Southern,Automobile,Footwear & Shoes,3,20661,
176,25-Jun-25,1001015,Bharat,P00109842,M,36-45,40,0,Delhi,Central,Food Processing,Footwear & Shoes,3,20660,
177,26-Jun-25,1003468,Divyansh,P00059442,F,26-35,26,1,Delhi,Central,IT Sector,Footwear & Shoes,2,20659,
178,27-Jun-25,1002251,Raglin,P00337442,F,36-45,36,1,Delhi,Central,Media,Footwear & Shoes,1,20659,
179,28-Jun-25,1005014,Kajal,P00122442,F,46-50,50,0,Karnataka,Southern,IT Sector,Tupperware,1,20659,
180,29-Jun-25,1003085,Natalie,P00267542,F,26-35,32,0,Delhi,Central,IT Sector,Footwear & Shoes,4,20657,
181,30-Jun-25,1004112,Mrunal,P00190242,F,46-50,47,1,Delhi,Central,Hospitality,Footwear & Shoes,3,20654,
182,01-Jul-25,1002592,Nikita,P00356842,F,51-55,51,0,Maharashtra,Western,Media,Tupperware,2,20644,
183,02-Jul-25,1001298,Siddharth,P00349142,F,36-45,36,0,Uttar Pradesh,Central,Construction,Footwear & Shoes,1,20642,
184,03-Jul-25,1002537,Cindy,P00359242,M,36-45,42,1,Uttar Pradesh,Central,IT Sector,Footwear & Shoes,4,20641,
186,05-Jul-25,1000971,Savi,P00016542,F,26-35,32,1,Uttar Pradesh,Central,Retail,Footwear & Shoes,1,20628,
187,06-Jul-25,1001103,Yaanvi,P00334242,M,46-50,48,0,Delhi,Central,IT Sector,Tupperware,1,20627,
188,07-Jul-25,1003081,Kalyani,P00218642,F,26-35,32,0,Uttarakhand,Central,Food Processing,Furniture,1,20623,
189,08-Jul-25,1002164,McCrossin,P00110942,M,36-45,41,0,Himachal Pradesh,Northern,Banking,Furniture,4,20622,
190,09-Jul-25,1003635,Calhoun,P00273042,F,51-55,54,0,Delhi,Central,Retail,Footwear & Shoes,4,20620,
191,10-Jul-25,1001030,Selesnick,P00162442,F,26-35,33,0,Karnataka,Southern,Chemical,Footwear & Shoes,4,20619,
192,11-Jul-25,1001029,Parakh,P00317842,F,26-35,30,0,Karnataka,Southern,Lawyer,Footwear & Shoes,3,20615,
193,12-Jul-25,1003311,Neola,P00180442,F,26-35,29,0,Delhi,Central,IT Sector,Footwear & Shoes,3,20608,
194,13-Jul-25,1003416,Vaibhavi,P00100642,F,26-35,27,1,Uttarakhand,Central,Media,Furniture,4,20608,
195,14-Jul-25,1004573,Cari,P00071442,M,51-55,51,1,Haryana,Northern,Aviation,Furniture,4,20607,
196,15-Jul-25,1004179,Sink,P00100842,M,36-45,43,1,Karnataka,Southern,Textile,Furniture,1,20607,
197,16-Jul-25,1005661,Geld,P00148042,M,26-35,31,0,Maharashtra,Western,Healthcare,Tupperware,1,20606,
198,17-Jul-25,1001736,Martinez,P00227942,M,55+,72,1,Uttar Pradesh,Central,Textile,Footwear & Shoes,2,20603,
199,18-Jul-25,1003401,Ameesha,P00120342,F,36-45,39,0,Maharashtra,Western,IT Sector,Footwear & Shoes,2,20602,
200,19-Jul-25,1001835,Jamie,P00180642,F,26-35,31,0,Karnataka,Southern,Aviation,Footwear & Shoes,4,20600,
201,20-Jul-25,1002899,McCarthy,P00193642,M,36-45,42,1,Karnataka,Southern,Automobile,Footwear & Shoes,1,20600,
202,21-Jul-25,1002860,Chad,P00033942,F,36-45,40,0,Delhi,Central,IT Sector,Footwear & Shoes,1,20598,
203,22-Jul-25,1004362,Prichep,P00015742,F,26-35,26,1,Karnataka,Southern,Chemical,Footwear & Shoes,3,20598,
204,23-Jul-25,1001147,Lanier,P00296642,F,26-35,27,0,Kerala,Southern,IT Sector,Tupperware,3,20598,
205,24-Jul-25,1004953,Sukrith,P00015542,F,36-45,39,0,Kerala,Southern,Healthcare,Furniture,3,20595.99,
206,25-Jul-25,1005884,Elliston,P00112542,F,18-25,25,1,Kerala,Southern,Banking,Furniture,2,20594,
207,26-Jul-25,1002765,Bergman,P00127942,F,51-55,55,0,Madhya Pradesh,Central,Aviation,Footwear & Shoes,2,20589,
208,27-Jul-25,1005140,Arthur,P00157642,F,26-35,29,0,Delhi,Central,Healthcare,Footwear & Shoes,1,20588,
209,28-Jul-25,1004161,Murray,P00265242,F,46-50,50,1,Uttar Pradesh,Central,Banking,Furniture,1,20588,
210,29-Jul-25,1003697,Toch,P00250342,F,26-35,30,0,Delhi,Central,Banking,Footwear & Shoes,4,20586,
211,30-Jul-25,1002041,Dahlen,P00115142,M,26-35,31,1,Madhya Pradesh,Central,Banking,Furniture,3,20586,
212,31-Jul-25,1003726,Randy,P00274042,F,26-35,34,1,Karnataka,Southern,Lawyer,Footwear & Shoes,2,20581,
213,01-Aug-25,1001803,Pradeep,P00249642,F,26-35,33,1,Maharashtra,Western,Chemical,Footwear & Shoes,2,20579,
214,02-Aug-25,1005814,Aayushi,P00113442,M,26-35,30,1,Karnataka,Southern,IT Sector,Furniture,4,20573,
215,03-Aug-25,1004901,Aparajita,P00120242,F,26-35,29,0,Delhi,Central,Banking,Footwear & Shoes,4,20572,
216,04-Aug-25,1003958,Arsheen,P0096942,F,46-50,49,0,Karnataka,Southern,Healthcare,Footwear & Shoes,3,20570,
217,05-Aug-25,1003563,Becky,P00249842,F,26-35,34,0,Kerala,Southern,Healthcare,Furniture,4,20570,
218,06-Aug-25,1002793,Aniket,P00207742,F,36-45,42,1,Maharashtra,Western,Govt,Tupperware,3,20569,
219,07-Aug-25,1003283,Gute,P00233542,M,36-45,38,1,Delhi,Central,Textile,Footwear & Shoes,3,20566,
220,08-Aug-25,1001941,Gopal,P00184942,M,36-45,26,1,Delhi,Central,Chemical,Footwear & Shoes,4,20559,
221,09-Aug-25,1004279,Soumya,P00032142,F,26-35,28,1,Uttar Pradesh,Central,Banking,Furniture,1,20558,
222,10-Aug-25,1001181,Cathy,P00278642,F,36-45,40,1,Delhi,Central,Media,Footwear & Shoes,1,20553,
223,11-Aug-25,1003211,Jason,P00211242,M,51-55,54,0,Gujarat,Western,Construction,Furniture,4,20550,
224,12-Aug-25,1000216,Gjertsen,P00323042,F,46-50,47,1,Delhi,Central,Aviation,Footwear & Shoes,2,20549,
225,13-Aug-25,1003618,Keshav,P00233442,M,18-25,19,0,Bihar,Eastern,Aviation,Footwear & Shoes,2,20548,
226,14-Aug-25,1004354,Zydlo,P00153142,F,36-45,41,0,Delhi,Central,Govt,Footwear & Shoes,3,20547,
227,15-Aug-25,1000793,Staavos,P00068042,M,36-45,41,0,Karnataka,Southern,Healthcare,Furniture,1,20546,
228,16-Aug-25,1003690,Fein,P0099242,F,18-25,24,0,Uttar Pradesh,Central,Healthcare,Footwear & Shoes,4,20544,
229,17-Aug-25,1004122,Aastha,P00118142,F,18-25,23,0,Kerala,Southern,Hospitality,Furniture,1,20543,
230,18-Aug-25,1003503,Lloyd,P00344842,F,18-25,25,0,Madhya Pradesh,Central,Govt,Furniture,3,20540,
231,19-Aug-25,1002852,Harshita,P00123142,F,26-35,29,0,Delhi,Central,Media,Footwear & Shoes,2,20537,
232,20-Aug-25,1001004,Kirkland,P00036342,M,26-35,34,0,Delhi,Central,Retail,Footwear & Shoes,1,20536,
233,21-Aug-25,1000390,Trafton,P00319042,M,26-35,29,0,Haryana,Northern,Automobile,Footwear & Shoes,4,20536,
234,22-Aug-25,1003099,Shahid,P00127542,F,26-35,26,0,Karnataka,Southern,Aviation,Footwear & Shoes,2,20536,
235,23-Aug-25,1002201,Dodson,P00127642,F,55+,83,1,Madhya Pradesh,Central,Govt,Furniture,1,20533,
236,24-Aug-25,1002271,Redmond,P00193542,F,51-55,55,0,Gujarat,Western,Aviation,Tupperware,1,20529,
237,25-Aug-25,1004327,Payne,P00153842,F,36-45,37,1,Karnataka,Southern,IT Sector,Footwear & Shoes,4,20525,
238,26-Aug-25,1001835,Jamie,P00304942,F,26-35,34,1,Delhi,Central,Chemical,Footwear & Shoes,4,20516,
239,27-Aug-25,1003475,Cousins,P00227942,M,26-35,29,1,Andhra Pradesh,Southern,IT Sector,Footwear & Shoes,4,20515,
240,28-Aug-25,1001613,Eva,P00173342,F,18-25,23,1,Uttar Pradesh,Central,Healthcare,Footwear & Shoes,1,20512,
241,29-Aug-25,1005680,Mary,P00277642,F,51-55,51,1,Delhi,Central,Food Processing,Footwear & Shoes,1,20511,
242,30-Aug-25,1004979,Kennedy,P00346042,F,36-45,39,1,Karnataka,Southern,Media,Footwear & Shoes,1,20509,
243,31-Aug-25,1004819,Swetha,P00269642,F,36-45,41,1,Delhi,Central,Automobile,Footwear & Shoes,1,20508,
244,01-Sep-25,1003580,Maxwell,P00018042,M,18-25,20,1,Telangana,Southern,Healthcare,Footwear & Shoes,1,20508,
245,02-Sep-25,1001861,Eno,P00295842,F,51-55,52,0,Uttar Pradesh,Central,Aviation,Footwear & Shoes,2,20508,
246,03-Sep-25,1001618,Eugene,P00109742,M,51-55,53,0,Andhra Pradesh,Southern,Food Processing,Footwear & Shoes,4,20505,
247,04-Sep-25,1002330,Sumeet,P00129842,F,46-50,48,0,Delhi,Central,Aviation,Footwear & Shoes,4,20503,
248,05-Sep-25,1004013,Michelle,P00182242,F,26-35,31,1,Karnataka,Southern,Chemical,Footwear & Shoes,2,20502,
249,06-Sep-25,1005178,Edelman,P00346142,F,51-55,55,0,Karnataka,Southern,Healthcare,Footwear & Shoes,3,20502,
250,07-Sep-25,1001162,Rose,P00057742,M,36-45,40,1,Karnataka,Southern,Banking,Footwear & Shoes,4,20501,
251,08-Sep-25,1004680,Ballard,P00215542,F,36-45,45,0,Delhi,Central,Textile,Footwear & Shoes,1,20500,
252,09-Sep-25,1005108,Erica,P00158742,M,26-35,26,0,Himachal Pradesh,Northern,Aviation,Furniture,4,20495,
253,10-Sep-25,1005446,Sheetal,P00059442,M,51-55,52,0,Karnataka,Southern,Chemical,Furniture,1,20494,
254,11-Sep-25,1002181,Sweta,P00363342,F,26-35,27,1,Karnataka,Southern,Banking,Footwear & Shoes,1,20493,
255,12-Sep-25,1004485,Jim,P00339842,F,26-35,35,0,Kerala,Southern,Media,Furniture,2,20492,
256,13-Sep-25,1006040,Pond,P00111142,F,26-35,27,0,Karnataka,Southern,Food Processing,Footwear & Shoes,2,20488,
257,14-Sep-25,1003272,Pinky,P00324642,M,36-45,42,1,Delhi,Central,IT Sector,Footwear & Shoes,2,20486,
258,15-Sep-25,1001757,Eleni,P0095542,F,26-35,28,1,Karnataka,Southern,Textile,Footwear & Shoes,1,20486,
259,16-Sep-25,1001969,Klamczynski,P00160042,M,26-35,28,0,Delhi,Central,Chemical,Footwear & Shoes,1,20484,
260,17-Sep-25,1003694,Bellavance,P00115942,F,26-35,35,0,Madhya Pradesh,Central,IT Sector,Footwear & Shoes,4,20483,
261,18-Sep-25,1004436,Talbott,P0096542,F,26-35,28,0,Kerala,Southern,Retail,Tupperware,2,20477,
262,19-Sep-25,1001260,Dheeraj,P00274042,F,26-35,35,1,Madhya Pradesh,Central,Aviation,Footwear & Shoes,3,20477,
263,20-Sep-25,1004064,Skach,P0097142,F,46-50,48,0,Delhi,Central,Banking,Footwear & Shoes,2,20476,
264,21-Sep-25,1004829,Gary,P00146042,F,26-35,28,0,Karnataka,Southern,IT Sector,Footwear & Shoes,3,20471,
265,22-Sep-25,1000549,Sharda,P00147042,F,26-35,26,0,Kerala,Southern,Banking,Furniture,1,20469,
266,23-Sep-25,1003245,Zeldin,P00351242,F,18-25,21,0,Uttarakhand,Central,Govt,Furniture,1,20468,
267,24-Sep-25,1005137,Murdock,P00187342,F,18-25,19,1,Haryana,Northern,Automobile,Tupperware,2,20464,
268,25-Sep-25,1003259,Wardle,P00054242,M,18-25,20,0,Himachal Pradesh,Northern,Healthcare,Furniture,2,20463,
269,26-Sep-25,1003503,Lloyd,P00241642,M,18-25,25,1,Madhya Pradesh,Central,Aviation,Furniture,1,20457,
270,27-Sep-25,1002068,Dhanraj,P00172842,M,36-45,39,0,Uttar Pradesh,Central,Construction,Footwear & Shoes,3,20457,
271,28-Sep-25,1002067,Suhani,P00199442,F,51-55,52,1,Delhi,Central,Construction,Footwear & Shoes,2,20454,
272,29-Sep-25,1003825,Staebel,P00014542,F,18-25,20,0,Delhi,Central,Aviation,Footwear & Shoes,1,20450,
273,30-Sep-25,1000942,Syed,P00214142,M,51-55,52,1,Uttar Pradesh,Central,Lawyer,Furniture,3,20448,
274,01-Oct-25,1001456,Lonsdale,P00182242,M,26-35,34,0,Uttar Pradesh,Central,Textile,Footwear & Shoes,1,20445,
275,02-Oct-25,1004942,Murry,P00050642,F,46-50,47,0,Uttar Pradesh,Central,IT Sector,Furniture,3,20442,
276,03-Oct-25,1002760,McClure,P00101842,M,55+,77,1,Kerala,Southern,Lawyer,Footwear & Shoes,4,20440,
277,04-Oct-25,1004327,Payne,P00085942,F,36-45,41,0,Karnataka,Southern,Retail,Footwear & Shoes,2,20438,
278,05-Oct-25,1003536,Skye,P00268442,F,18-25,24,1,Karnataka,Southern,Banking,Furniture,3,20433,
279,06-Oct-25,1005836,Nishi,P00110942,F,26-35,27,0,Delhi,Central,Govt,Footwear & Shoes,1,20432,
280,07-Oct-25,1004682,Vishakha,P00030442,F,26-35,27,1,Uttarakhand,Central,Chemical,Furniture,2,20432,
281,08-Oct-25,1004237,Doherty,P00102442,F,26-35,28,0,Karnataka,Southern,Chemical,Footwear & Shoes,4,20429,
282,09-Oct-25,1004802,Patil,P00361642,M,55+,87,0,Delhi,Central,Govt,Footwear & Shoes,4,20427,
283,10-Oct-25,1001218,Jaideep,P00118542,M,55+,79,0,Madhya Pradesh,Central,Food Processing,Footwear & Shoes,4,20424,
284,11-Oct-25,1001611,Joy,P00265142,M,26-35,27,0,Andhra Pradesh,Southern,Healthcare,Footwear & Shoes,2,20423,
285,12-Oct-25,1001050,Nishant,P00213342,F,26-35,35,0,Maharashtra,Western,Banking,Footwear & Shoes,1,20420,
286,13-Oct-25,1002747,Collister,P0097842,M,18-25,20,0,Haryana,Northern,Healthcare,Tupperware,2,20413,
287,14-Oct-25,1001941,Gopal,P00332442,M,36-45,26,1,Uttar Pradesh,Central,Hospitality,Furniture,4,20410,
288,15-Oct-25,1004160,Gonzalez,P00041342,F,36-45,36,0,Bihar,Eastern,Retail,Furniture,3,20405,
289,16-Oct-25,1002126,Anjali,P00122442,M,55+,71,1,Karnataka,Southern,IT Sector,Footwear & Shoes,2,20405,
290,17-Oct-25,1003096,Prashant,P00145442,M,46-50,47,0,Jharkhand,Eastern,Automobile,Furniture,4,20403,
291,18-Oct-25,1001451,Sink,P00193842,M,36-45,44,1,Haryana,Northern,Banking,Furniture,2,20394,
292,19-Oct-25,1002953,Ryan,P00176642,F,26-35,32,1,Delhi,Central,Automobile,Footwear & Shoes,3,20392,
293,20-Oct-25,1004285,Bhishm,P00006442,F,36-45,40,0,Delhi,Central,Healthcare,Footwear & Shoes,1,20387,
295,22-Oct-25,1006016,Sauptik,P00274442,F,46-50,47,0,Maharashtra,Western,Agriculture,Footwear & Shoes,2,20380,
296,23-Oct-25,1004343,Swetlana,P00270942,F,26-35,31,0,Karnataka,Southern,Govt,Footwear & Shoes,1,20379,
297,24-Oct-25,1001884,Eugene,P00111042,F,46-50,49,0,Delhi,Central,Healthcare,Footwear & Shoes,4,20375,
298,25-Oct-25,1000623,McGrath,P00184942,F,26-35,34,1,Delhi,Central,Construction,Footwear & Shoes,3,20373,
299,26-Oct-25,1003963,Ritsa,P00226242,F,51-55,51,0,Karnataka,Southern,Chemical,Footwear & Shoes,2,20373,
